{"network":{"id":1,"name":"lightning-chess-simnet","status":3,"path":"/Users/ramirustom/.polar/networks/1","nodes":{"bitcoin":[{"id":0,"networkId":1,"name":"backend1","type":"bitcoin","implementation":"bitcoind","version":"23.0","peers":[],"status":3,"ports":{"rpc":18443,"p2p":19444,"zmqBlock":28334,"zmqTx":29335},"docker":{"image":"","command":""}}],"lightning":[{"id":0,"networkId":1,"name":"alice","type":"lightning","implementation":"LND","version":"0.15.1-beta","status":3,"backendName":"backend1","paths":{"tlsCert":"/Users/ramirustom/.polar/networks/1/volumes/lnd/alice/tls.cert","adminMacaroon":"/Users/ramirustom/.polar/networks/1/volumes/lnd/alice/data/chain/bitcoin/regtest/admin.macaroon","invoiceMacaroon":"/Users/ramirustom/.polar/networks/1/volumes/lnd/alice/data/chain/bitcoin/regtest/invoice.macaroon","readonlyMacaroon":"/Users/ramirustom/.polar/networks/1/volumes/lnd/alice/data/chain/bitcoin/regtest/readonly.macaroon"},"ports":{"rest":8081,"grpc":10001,"p2p":9735},"docker":{"image":"","command":""}},{"id":1,"networkId":1,"name":"bob","type":"lightning","implementation":"LND","version":"0.15.1-beta","status":3,"backendName":"backend1","paths":{"tlsCert":"/Users/ramirustom/.polar/networks/1/volumes/lnd/bob/tls.cert","adminMacaroon":"/Users/ramirustom/.polar/networks/1/volumes/lnd/bob/data/chain/bitcoin/regtest/admin.macaroon","invoiceMacaroon":"/Users/ramirustom/.polar/networks/1/volumes/lnd/bob/data/chain/bitcoin/regtest/invoice.macaroon","readonlyMacaroon":"/Users/ramirustom/.polar/networks/1/volumes/lnd/bob/data/chain/bitcoin/regtest/readonly.macaroon"},"ports":{"rest":8082,"grpc":10002,"p2p":9736},"docker":{"image":"","command":""}},{"id":2,"networkId":1,"name":"carol","type":"lightning","implementation":"LND","version":"0.15.1-beta","status":3,"backendName":"backend1","paths":{"tlsCert":"/Users/ramirustom/.polar/networks/1/volumes/lnd/carol/tls.cert","adminMacaroon":"/Users/ramirustom/.polar/networks/1/volumes/lnd/carol/data/chain/bitcoin/regtest/admin.macaroon","invoiceMacaroon":"/Users/ramirustom/.polar/networks/1/volumes/lnd/carol/data/chain/bitcoin/regtest/invoice.macaroon","readonlyMacaroon":"/Users/ramirustom/.polar/networks/1/volumes/lnd/carol/data/chain/bitcoin/regtest/readonly.macaroon"},"ports":{"rest":8083,"grpc":10003,"p2p":9737},"docker":{"image":"","command":""}}]}},"chart":{"offset":{"x":0,"y":140},"nodes":{"backend1":{"id":"backend1","type":"bitcoin","position":{"x":260,"y":420},"ports":{"backend":{"id":"backend","type":"top","position":{"x":100,"y":0}},"peer-left":{"id":"peer-left","type":"left","position":{"x":0,"y":22}},"peer-right":{"id":"peer-right","type":"right","position":{"x":200,"y":22}}},"size":{"width":200,"height":43},"properties":{"status":3,"icon":"./static/media/bitcoin.c9f33461.svg"}},"alice":{"id":"alice","type":"lightning","position":{"x":0,"y":100},"ports":{"empty-left":{"id":"empty-left","type":"left","position":{"x":0,"y":31}},"empty-right":{"id":"empty-right","type":"right","position":{"x":200,"y":19}},"backend":{"id":"backend","type":"bottom","position":{"x":100,"y":61}},"7b9ae37826df":{"id":"7b9ae37826df","type":"right","properties":{"nodeId":"alice","initiator":true},"position":{"x":200,"y":43}}},"size":{"width":200,"height":61},"properties":{"status":3,"icon":"./static/media/lnd.095d2fef.png"}},"bob":{"id":"bob","type":"lightning","position":{"x":580,"y":100},"ports":{"empty-left":{"id":"empty-left","type":"left","position":{"x":0,"y":19}},"empty-right":{"id":"empty-right","type":"right","position":{"x":200,"y":31}},"backend":{"id":"backend","type":"bottom","position":{"x":100,"y":61}},"6e22adc771e8":{"id":"6e22adc771e8","type":"left","properties":{"nodeId":"bob","initiator":true},"position":{"x":0,"y":43}}},"size":{"width":200,"height":61},"properties":{"status":3,"icon":"./static/media/lnd.095d2fef.png"}},"carol":{"id":"carol","type":"lightning","position":{"x":260,"y":240},"ports":{"empty-left":{"id":"empty-left","type":"left","position":{"x":0,"y":19}},"empty-right":{"id":"empty-right","type":"right","position":{"x":200,"y":19}},"backend":{"id":"backend","type":"bottom","position":{"x":100,"y":61}},"7b9ae37826df":{"id":"7b9ae37826df","type":"left","properties":{"nodeId":"carol"},"position":{"x":0,"y":43}},"6e22adc771e8":{"id":"6e22adc771e8","type":"right","properties":{"nodeId":"carol"},"position":{"x":200,"y":43}}},"size":{"width":200,"height":61},"properties":{"status":3,"icon":"./static/media/lnd.095d2fef.png"}}},"links":{"alice-backend1":{"id":"alice-backend1","from":{"nodeId":"alice","portId":"backend"},"to":{"nodeId":"backend1","portId":"backend"},"properties":{"type":"backend"}},"bob-backend1":{"id":"bob-backend1","from":{"nodeId":"bob","portId":"backend"},"to":{"nodeId":"backend1","portId":"backend"},"properties":{"type":"backend"}},"carol-backend1":{"id":"carol-backend1","from":{"nodeId":"carol","portId":"backend"},"to":{"nodeId":"backend1","portId":"backend"},"properties":{"type":"backend"}},"7b9ae37826df":{"id":"7b9ae37826df","from":{"nodeId":"alice","portId":"7b9ae37826df"},"to":{"nodeId":"carol","portId":"7b9ae37826df"},"properties":{"type":"open-channel","channelPoint":"28fe93e81fa76421e5f360f851df95e7c394060c07ecfdbbf4557b9ae37826df:0","capacity":"250000","fromBalance":"238530","toBalance":"8000","direction":"ltr","status":"Open","isPrivate":false}},"6e22adc771e8":{"id":"6e22adc771e8","from":{"nodeId":"bob","portId":"6e22adc771e8"},"to":{"nodeId":"carol","portId":"6e22adc771e8"},"properties":{"type":"open-channel","channelPoint":"a80f64247ab9aa7cc998ef34e50278c581a2cb7b2448e54b8f176e22adc771e8:0","capacity":"250000","fromBalance":"243530","toBalance":"3000","direction":"rtl","status":"Open","isPrivate":false}}},"selected":{"type":"node","id":"alice"},"hovered":{"type":"node","id":"bob"},"scale":0.769}}